train_loss,val_loss,train_reg_loss_epoch,train_clf_loss_epoch,val_reg_loss_epoch,val_clf_loss_epoch
0.6056933315361247,0.3785625994205475,0.2472619155750555,0.7168628257863662,0.04051046185195446,0.6761042714118958
0.46488142890088696,0.37916075587272646,0.11612568751854055,0.6975114731227651,0.03246683403849602,0.6933878302574158
0.4157305482555838,0.38918833136558534,0.07422234972610194,0.6830164053860832,0.03897450305521488,0.7004276514053345
0.38745779500288124,0.3868667304515839,0.04423489005250089,0.6864458147217246,0.03811258263885975,0.6975082874298095
0.3724108390948352,0.39464591145515443,0.03605726536582498,0.6727071544703316,0.03905943389981985,0.7111729621887207
0.3653058707714081,0.39570040106773374,0.02715980853228008,0.6762921179042143,0.038202729634940626,0.7149953365325927
0.36341454001034007,0.39516987800598147,0.022521036129225704,0.6817870034891016,0.038772473111748695,0.712794816493988
