train_loss,val_loss
0.050795226712666806,
0.04365902450600905,
0.04400639516478848,
0.04349287364277102,
0.04318823516812353,
0.04329016126160111,
0.04245187864372773,
0.043565668254381136,
0.04368283344610106,
0.04341748327992502,
0.043530685627566915,
0.04324291511217043,
0.04311608658393934,
0.042907251455333265,
0.04335562221794611,
