train_loss,val_loss,train_reg_loss_epoch,train_clf_loss_epoch,val_reg_loss_epoch,val_clf_loss_epoch
0.3831705275703879,0.4125870704650879,0.038288260043105656,0.6897645417381736,0.05453590489923954,0.7161023139953613
0.36132624920676737,0.3993782877922058,0.018508104717030245,0.6856362854733187,0.04158024936914444,0.715596079826355
0.35737865637330446,0.3957688510417938,0.016502418226617223,0.6817524748689988,0.03842071201652288,0.7146962761878968
0.3549482752295101,0.4042982816696167,0.015193358556750943,0.6795098290723913,0.03962636757642031,0.7293438196182251
0.3528846923042746,0.401603901386261,0.014360772829283686,0.6770478346768547,0.040144001320004466,0.7229198098182679
0.35104639039320107,0.411102694272995,0.014285653391305138,0.6735214766334084,0.04419163223356008,0.7338221311569214
0.3500153580132653,0.40481157302856446,0.013619606492712218,0.6727914985488442,0.04093325287103653,0.7277566313743591
0.34890348946346955,0.42214823961257936,0.013799911912749796,0.6702071603606728,0.046249736472964285,0.7517970085144043
0.3467786101733937,0.4071045517921448,0.01385028934215798,0.6658566418816062,0.04297858811914921,0.7282519340515137
