train_loss,val_loss
0.14994508098988307,
0.1320667208305427,
0.12427951466469538,
0.11929899010629881,
0.1183042824268341,
0.11798783622327305,
0.11472866364887782,
0.11205517908646948,
0.11052879371813365,
0.10541971710820992,
0.09710680994959105,
0.09106363489159516,
0.09008234792522021,
0.09099274447986058,
0.08091183964695249,
