train_loss,val_loss
0.04709315712430647,0.02328097028657794
0.030853830144873688,0.027919571613892913
0.028192443906196525,0.024566829670220613
