train_loss,val_loss
0.13876682236081078,
0.10556219624621528,
0.10183410860952877,
0.09774679637381009,
0.0942343698725814,
0.08739161172083446,
0.08430375974802744,
0.08140227003466516,
0.08313299023679324,
0.08597028415117945,
0.08955753683334305,
0.08097122662833758,
0.07826969719358853,
0.07490203086109389,
0.06975062759149642,
