train_loss,val_loss,train_reg_loss_epoch,train_clf_loss_epoch,val_reg_loss_epoch,val_clf_loss_epoch
0.36195793946584065,0.3680068850517273,0.015417130850255489,0.6930816213289896,0.016511636087670922,0.7029904872179031
0.3594687600930532,0.3726909011602402,0.014808012545108796,0.689321498076121,0.018152756616473198,0.7090762853622437
0.35811613202095033,0.3540187031030655,0.014667872991412877,0.6868965228398641,0.01463024242548272,0.6787769198417664
