train_loss,val_loss,train_reg_loss_epoch,train_clf_loss_epoch,val_reg_loss_epoch,val_clf_loss_epoch
0.360388837258021,0.35946449637413025,0.014127644958595436,0.692522386709849,0.016500201309099793,0.6859285831451416
0.3589915454387665,0.3592306077480316,0.013875640152643124,0.6902318080266316,0.017276577767916024,0.683908075094223
0.3574223140875498,0.36042191833257675,0.013777888814608256,0.6872888406117758,0.017649727407842875,0.6855443865060806
